qa_id,question_asker_intent_understanding,question_body_critical,question_conversational,question_expect_short_answer,question_fact_seeking,question_has_commonly_accepted_answer,question_interestingness_others,question_interestingness_self,question_multi_intent,question_not_really_a_question,question_opinion_seeking,question_type_choice,question_type_compare,question_type_consequence,question_type_definition,question_type_entity,question_type_instructions,question_type_procedure,question_type_reason_explanation,question_type_spelling,question_well_written,answer_helpful,answer_level_of_information,answer_plausible,answer_relevance,answer_satisfaction,answer_type_instructions,answer_type_procedure,answer_type_reason_explanation,answer_well_written
39,1,0.333333333,0,1,1,1,0.666666667,0.666666667,0,0,0,0,0,0,0,0,0,0,0,0,1,1,0.666666667,1,1,0.933333333,0,0,1,1
46,1,0.333333333,0,1,1,1,0.555555556,0.333333333,0,0,0,0,0,0,0,0,1,0,0,0,1,1,0.666666667,1,1,0.8,1,0,0,1
70,1,0.333333333,0,1,1,1,0.666666667,0.666666667,0,0,0,0,0,0,0,0,0,0,0,0,1,1,0.666666667,1,1,0.933333333,0,0,1,1
132,1,0.555555556,0,1,1,1,0.444444444,0.333333333,0.333333333,0,0,0.333333333,0,0,0,0,1,0,0,0,0.777777778,0.666666667,0.333333333,0.777777778,1,0.6,1,0,0,1
200,1,0.333333333,0,1,1,1,0.666666667,0.666666667,0,0,0,0,0,0,0,0,0,0,0,0,1,1,0.666666667,1,1,0.933333333,0,0,1,1
245,1,0.333333333,0,1,1,1,0.666666667,0.666666667,0,0,0,0,0,0,0,0,0,0,0,0,1,1,0.666666667,1,1,0.933333333,0,0,1,1
257,1,0.333333333,0,1,1,1,0.555555556,0.333333333,0,0,0,0,0,0,0,0,1,0,0,0,1,1,0.666666667,1,1,0.8,1,0,0,1
267,1,0.333333333,0,1,1,1,0.555555556,0.333333333,0,0,0,0,0,0,0,0,1,0,0,0,1,1,0.666666667,1,1,0.8,1,0,0,1
284,1,0.333333333,0,1,1,1,0.555555556,0.333333333,0,0,0,0,0,0,0,0,1,0,0,0,1,1,0.666666667,1,1,0.8,1,0,0,1
292,1,0.333333333,0,1,1,1,0.555555556,0.333333333,0,0,0,0,0,0,0,0,1,0,0,0,1,1,0.666666667,1,1,0.8,1,0,0,1
296,1,0.333333333,0,1,1,1,0.555555556,0.333333333,0,0,0,0,0,0,0,0,1,0,0,0,1,1,0.666666667,1,1,0.8,1,0,0,1
312,1,0.333333333,0,1,1,1,0.555555556,0.333333333,0,0,0,0,0,0,0,0,1,0,0,0,1,1,0.666666667,1,1,0.8,1,0,0,1
322,1,0.333333333,0,1,1,1,0.555555556,0.333333333,0,0,0,0,0,0,0,0,1,0,0,0,1,1,0.666666667,1,1,0.8,1,0,0,1
327,1,0.333333333,0,1,1,1,0.555555556,0.333333333,0,0,0,0,0,0,0,0,1,0,0,0,1,1,0.666666667,1,1,0.8,1,0,0,1
334,1,0.333333333,0,1,1,1,0.555555556,0.333333333,0,0,0,0,0,0,0,0,1,0,0,0,1,1,0.666666667,1,1,0.8,1,0,0,1
340,1,0.333333333,0,1,1,1,0.555555556,0.333333333,0,0,0,0,0,0,0,0,1,0,0,0,1,1,0.666666667,1,1,0.8,1,0,0,1
357,1,0.333333333,0,1,1,1,0.555555556,0.333333333,0,0,0,0,0,0,0,0,1,0,0,0,1,1,0.666666667,1,1,0.8,1,0,0,1
374,1,0.333333333,0,1,1,1,0.555555556,0.333333333,0,0,0,0,0,0,0,0,1,0,0,0,1,1,0.666666667,1,1,0.8,1,0,0,1
375,1,0.333333333,0,1,1,1,0.555555556,0.333333333,0,0,0,0,0,0,0,0,1,0,0,0,1,1,0.666666667,1,1,0.8,1,0,0,1
387,1,0.333333333,0,1,1,1,0.666666667,0.666666667,0,0,0,0,0,0,0,0,0,0,0,0,1,1,0.666666667,1,1,0.933333333,0,0,1,1
391,1,0.333333333,0,1,1,1,0.555555556,0.333333333,0,0,0,0,0,0,0,0,1,0,0,0,1,1,0.666666667,1,1,0.8,1,0,0,1
395,1,0.333333333,0,1,1,1,0.555555556,0.333333333,0,0,0,0,0,0,0,0,1,0,0,0,1,1,0.666666667,1,1,0.8,1,0,0,1
444,1,0.333333333,0,1,1,1,0.555555556,0.333333333,0,0,0,0,0,0,0,0,1,0,0,0,1,1,0.666666667,1,1,0.8,1,0,0,1
482,1,0.333333333,0,1,1,1,0.555555556,0.333333333,0,0,0,0,0,0,0,0,1,0,0,0,1,1,0.666666667,1,1,0.8,1,0,0,1
483,1,0.333333333,0,1,1,1,0.555555556,0.333333333,0,0,0,0,0,0,0,0,1,0,0,0,1,1,0.666666667,1,1,0.8,1,0,0,1
513,1,0.333333333,0,1,1,1,0.555555556,0.333333333,0,0,0,0,0,0,0,0,1,0,0,0,1,1,0.666666667,1,1,0.8,1,0,0,1
542,1,0.333333333,0,1,1,1,0.555555556,0.333333333,0,0,0,0,0,0,0,0,1,0,0,0,1,1,0.666666667,1,1,0.8,1,0,0,1
579,1,0.333333333,0,1,1,1,0.555555556,0.333333333,0,0,0,0,0,0,0,0,1,0,0,0,1,1,0.666666667,1,1,0.8,1,0,0,1
589,1,0.333333333,0,1,1,1,0.555555556,0.333333333,0,0,0,0,0,0,0,0,1,0,0,0,1,1,0.666666667,1,1,0.8,1,0,0,1
625,1,0.333333333,0,1,1,1,0.555555556,0.333333333,0,0,0,0,0,0,0,0,1,0,0,0,1,1,0.666666667,1,1,0.8,1,0,0,1
641,1,0.333333333,0,1,1,1,0.555555556,0.333333333,0,0,0,0,0,0,0,0,1,0,0,0,1,1,0.666666667,1,1,0.8,1,0,0,1
683,1,0.333333333,0,1,1,1,0.555555556,0.333333333,0,0,0,0,0,0,0,0,1,0,0,0,1,1,0.666666667,1,1,0.8,1,0,0,1
725,1,0.333333333,0,1,1,1,0.555555556,0.333333333,0,0,0,0,0,0,0,0,1,0,0,0,1,1,0.666666667,1,1,0.8,1,0,0,1
727,1,0.333333333,0,1,1,1,0.555555556,0.333333333,0,0,0,0,0,0,0,0,1,0,0,0,1,1,0.666666667,1,1,0.8,1,0,0,1
728,1,0.333333333,0,1,1,1,0.666666667,0.666666667,0,0,0,0,0,0,0,0,0,0,0,0,1,1,0.666666667,1,1,0.933333333,0,0,1,1
740,1,0.333333333,0,1,1,1,0.555555556,0.333333333,0,0,0,0,0,0,0,0,1,0,0,0,1,1,0.666666667,1,1,0.8,1,0,0,1
748,1,0.333333333,0,1,1,1,0.555555556,0.333333333,0,0,0,0,0,0,0,0,1,0,0,0,1,1,0.666666667,1,1,0.8,1,0,0,1
765,1,0.333333333,0,1,1,1,0.666666667,0.666666667,0,0,0,0,0,0,0,0,0,0,0,0,1,1,0.666666667,1,1,0.933333333,0,0,1,1
811,1,0.333333333,0,1,1,1,0.555555556,0.333333333,0,0,0,0,0,0,0,0,1,0,0,0,1,1,0.666666667,1,1,0.8,1,0,0,1
830,1,0.333333333,0,1,1,1,0.555555556,0.333333333,0,0,0,0,0,0,0,0,1,0,0,0,1,1,0.666666667,1,1,0.8,1,0,0,1
851,1,0.333333333,0,1,1,1,0.555555556,0.333333333,0,0,0,0,0,0,0,0,1,0,0,0,1,1,0.666666667,1,1,0.8,1,0,0,1
856,1,0.333333333,0,1,1,1,0.555555556,0.333333333,0,0,0,0,0,0,0,0,1,0,0,0,1,1,0.666666667,1,1,0.8,1,0,0,1
885,1,0.333333333,0,1,1,1,0.666666667,0.666666667,0,0,0,0,0,0,0,0,0,0,0,0,1,1,0.666666667,1,1,0.933333333,0,0,1,1
905,1,0.333333333,0,1,1,1,0.555555556,0.333333333,0,0,0,0,0,0,0,0,1,0,0,0,1,1,0.666666667,1,1,0.8,1,0,0,1
929,1,0.333333333,0,1,1,1,0.555555556,0.333333333,0,0,0,0,0,0,0,0,1,0,0,0,1,1,0.666666667,1,1,0.8,1,0,0,1
938,1,0.333333333,0,1,1,1,0.555555556,0.333333333,0,0,0,0,0,0,0,0,1,0,0,0,1,1,0.666666667,1,1,0.8,1,0,0,1
939,1,0.333333333,0,1,1,1,0.555555556,0.333333333,0,0,0,0,0,0,0,0,1,0,0,0,1,1,0.666666667,1,1,0.8,1,0,0,1
962,1,0.333333333,0,1,1,1,0.555555556,0.333333333,0,0,0,0,0,0,0,0,1,0,0,0,1,1,0.666666667,1,1,0.8,1,0,0,1
1082,1,0.333333333,0,1,1,1,0.555555556,0.333333333,0,0,0,0,0,0,0,0,1,0,0,0,1,1,0.666666667,1,1,0.8,1,0,0,1
1091,1,0.333333333,0,1,1,1,0.555555556,0.333333333,0,0,0,0,0,0,0,0,1,0,0,0,1,1,0.666666667,1,1,0.8,1,0,0,1
1101,1,0.333333333,0,1,1,1,0.555555556,0.333333333,0,0,0,0,0,0,0,0,1,0,0,0,1,1,0.666666667,1,1,0.8,1,0,0,1
1119,1,0.333333333,0,1,1,1,0.666666667,0.666666667,0,0,0,0,0,0,0,0,0,0,0,0,1,1,0.666666667,1,1,0.933333333,0,0,1,1
1153,1,0.333333333,0,1,1,1,0.555555556,0.333333333,0,0,0,0,0,0,0,0,1,0,0,0,1,1,0.666666667,1,1,0.8,1,0,0,1
1226,1,0.333333333,0,1,1,1,0.555555556,0.333333333,0,0,0,0,0,0,0,0,1,0,0,0,1,1,0.666666667,1,1,0.8,1,0,0,1
1230,1,0.333333333,0,1,1,1,0.555555556,0.333333333,0,0,0,0,0,0,0,0,1,0,0,0,1,1,0.666666667,1,1,0.8,1,0,0,1
1238,1,0.333333333,0,1,1,1,0.555555556,0.333333333,0,0,0,0,0,0,0,0,1,0,0,0,1,1,0.666666667,1,1,0.8,1,0,0,1
1247,1,0.333333333,0,1,1,1,0.555555556,0.333333333,0,0,0,0,0,0,0,0,1,0,0,0,1,1,0.666666667,1,1,0.8,1,0,0,1
1249,1,0.333333333,0,1,1,1,0.555555556,0.333333333,0,0,0,0,0,0,0,0,1,0,0,0,1,1,0.666666667,1,1,0.8,1,0,0,1
1266,1,0.333333333,0,1,1,1,0.555555556,0.333333333,0,0,0,0,0,0,0,0,1,0,0,0,1,1,0.666666667,1,1,0.8,1,0,0,1
1282,1,0.333333333,0,1,1,1,0.555555556,0.333333333,0,0,0,0,0,0,0,0,1,0,0,0,1,1,0.666666667,1,1,0.8,1,0,0,1
1297,1,0.333333333,0,1,1,1,0.555555556,0.333333333,0,0,0,0,0,0,0,0,1,0,0,0,1,1,0.666666667,1,1,0.8,1,0,0,1
1331,1,0.333333333,0,1,1,1,0.555555556,0.333333333,0,0,0,0,0,0,0,0,1,0,0,0,1,1,0.666666667,1,1,0.8,1,0,0,1
1359,1,0.333333333,0,1,1,1,0.555555556,0.333333333,0,0,0,0,0,0,0,0,1,0,0,0,1,1,0.666666667,1,1,0.8,1,0,0,1
1398,1,0.333333333,0,1,1,1,0.555555556,0.333333333,0,0,0,0,0,0,0,0,1,0,0,0,1,1,0.666666667,1,1,0.8,1,0,0,1
1423,1,0.333333333,0,1,1,1,0.555555556,0.333333333,0,0,0,0,0,0,0,0,1,0,0,0,1,1,0.666666667,1,1,0.8,1,0,0,1
1477,1,0.333333333,0,1,1,1,0.666666667,0.666666667,0,0,0,0,0,0,0,0,0,0,0,0,1,1,0.666666667,1,1,0.933333333,0,0,1,1
1502,1,0.333333333,0,1,1,1,0.555555556,0.333333333,0,0,0,0,0,0,0,0,1,0,0,0,1,1,0.666666667,1,1,0.8,1,0,0,1
1544,1,0.333333333,0,0,1,1,0.666666667,0.333333333,0,0,0,0,0,0,0,0,1,0,0.666666667,0,1,1,0.666666667,1,1,1,1,0,1,1
1567,1,0.333333333,0,1,1,1,0.555555556,0.333333333,0,0,0,0,0,0,0,0,1,0,0,0,1,1,0.666666667,1,1,0.8,1,0,0,1
1654,1,0.333333333,0,1,1,1,0.555555556,0.333333333,0,0,0,0,0,0,0,0,1,0,0,0,1,1,0.666666667,1,1,0.8,1,0,0,1
1676,1,0.333333333,0,1,1,1,0.555555556,0.333333333,0,0,0,0,0,0,0,0,1,0,0,0,1,1,0.666666667,1,1,0.8,1,0,0,1
1700,1,0.333333333,0,1,1,1,0.555555556,0.333333333,0,0,0,0,0,0,0,0,1,0,0,0,1,1,0.666666667,1,1,0.8,1,0,0,1
1701,1,0.333333333,0,1,1,1,0.555555556,0.333333333,0,0,0,0,0,0,0,0,1,0,0,0,1,1,0.666666667,1,1,0.8,1,0,0,1
1727,1,0.333333333,0,1,1,1,0.555555556,0.333333333,0,0,0,0,0,0,0,0,1,0,0,0,1,1,0.666666667,1,1,0.8,1,0,0,1
1764,1,0.333333333,0,1,1,1,0.555555556,0.333333333,0,0,0,0,0,0,0,0,1,0,0,0,1,1,0.666666667,1,1,0.8,1,0,0,1
1794,1,0.333333333,0,1,1,1,0.666666667,0.666666667,0,0,0,0,0,0,0,0,0,0,0,0,1,1,0.666666667,1,1,0.933333333,0,0,1,1
1795,1,0.333333333,0,1,1,1,0.555555556,0.333333333,0,0,0,0,0,0,0,0,1,0,0,0,1,1,0.666666667,1,1,0.8,1,0,0,1
1807,1,0.333333333,0,1,1,1,0.555555556,0.333333333,0,0,0,0,0,0,0,0,1,0,0,0,1,1,0.666666667,1,1,0.8,1,0,0,1
1812,1,0.333333333,0,1,1,1,0.555555556,0.333333333,0,0,0,0,0,0,0,0,1,0,0,0,1,1,0.666666667,1,1,0.8,1,0,0,1
1816,1,0.333333333,0,1,1,1,0.555555556,0.333333333,0,0,0,0,0,0,0,0,1,0,0,0,1,1,0.666666667,1,1,0.8,1,0,0,1
1833,1,0.333333333,0,1,1,1,0.555555556,0.333333333,0,0,0,0,0,0,0,0,1,0,0,0,1,1,0.666666667,1,1,0.8,1,0,0,1
1847,1,0.333333333,0,1,1,1,0.555555556,0.333333333,0,0,0,0,0,0,0,0,1,0,0,0,1,1,0.666666667,1,1,0.8,1,0,0,1
1868,1,0.333333333,0,1,1,1,0.555555556,0.333333333,0,0,0,0,0,0,0,0,1,0,0,0,1,1,0.666666667,1,1,0.8,1,0,0,1
1877,1,0.333333333,0,1,1,1,0.555555556,0.333333333,0,0,0,0,0,0,0,0,1,0,0,0,1,1,0.666666667,1,1,0.8,1,0,0,1
1885,1,0.333333333,0,1,1,1,0.555555556,0.333333333,0,0,0,0,0,0,0,0,1,0,0,0,1,1,0.666666667,1,1,0.8,1,0,0,1
1934,1,0.333333333,0,1,1,1,0.555555556,0.333333333,0,0,0,0,0,0,0,0,1,0,0,0,1,1,0.666666667,1,1,0.8,1,0,0,1
1959,1,0.333333333,0,1,1,1,0.666666667,0.666666667,0,0,0,0,0,0,0,0,0,0,0,0,1,1,0.666666667,1,1,0.933333333,0,0,1,1
1983,1,0.333333333,0,1,1,1,0.666666667,0.666666667,0,0,0,0,0,0,0,0,0,0,0,0,1,1,0.666666667,1,1,0.933333333,0,0,1,1
1990,1,0.333333333,0,1,1,1,0.555555556,0.333333333,0,0,0,0,0,0,0,0,1,0,0,0,1,1,0.666666667,1,1,0.8,1,0,0,1
2005,1,0.333333333,0,1,1,1,0.555555556,0.333333333,0,0,0,0,0,0,0,0,1,0,0,0,1,1,0.666666667,1,1,0.8,1,0,0,1
2018,1,0.333333333,0,1,1,1,0.555555556,0.333333333,0,0,0,0,0,0,0,0,1,0,0,0,1,1,0.666666667,1,1,0.8,1,0,0,1
2027,1,0.333333333,0,1,1,1,0.555555556,0.333333333,0,0,0,0,0,0,0,0,1,0,0,0,1,1,0.666666667,1,1,0.8,1,0,0,1
2042,1,0.333333333,0,1,1,1,0.555555556,0.333333333,0,0,0,0,0,0,0,0,1,0,0,0,1,1,0.666666667,1,1,0.8,1,0,0,1
2066,1,0.333333333,0,1,1,1,0.555555556,0.333333333,0,0,0,0,0,0,0,0,1,0,0,0,1,1,0.666666667,1,1,0.8,1,0,0,1
2070,1,0.333333333,0,1,1,1,0.666666667,0.666666667,0,0,0,0,0,0,0,0,0,0,0,0,1,1,0.666666667,1,1,0.933333333,0,0,1,1
2075,1,0.333333333,0,1,1,1,0.555555556,0.333333333,0,0,0,0,0,0,0,0,1,0,0,0,1,1,0.666666667,1,1,0.8,1,0,0,1
2094,1,0.333333333,0,1,1,1,0.555555556,0.333333333,0,0,0,0,0,0,0,0,1,0,0,0,1,1,0.666666667,1,1,0.8,1,0,0,1
2128,1,0.333333333,0,1,1,1,0.555555556,0.333333333,0,0,0,0,0,0,0,0,1,0,0,0,1,1,0.666666667,1,1,0.8,1,0,0,1
2163,1,0.333333333,0,1,1,1,0.555555556,0.333333333,0,0,0,0,0,0,0,0,1,0,0,0,1,1,0.666666667,1,1,0.8,1,0,0,1
2180,1,0.333333333,0,1,1,1,0.555555556,0.333333333,0,0,0,0,0,0,0,0,1,0,0,0,1,1,0.666666667,1,1,0.8,1,0,0,1
2203,1,0.333333333,0,1,1,1,0.555555556,0.333333333,0,0,0,0,0,0,0,0,1,0,0,0,1,1,0.666666667,1,1,0.8,1,0,0,1
2230,1,0.333333333,0,1,1,1,0.555555556,0.333333333,0,0,0,0,0,0,0,0,1,0,0,0,1,1,0.666666667,1,1,0.8,1,0,0,1
2244,1,0.333333333,0,1,1,1,0.555555556,0.333333333,0,0,0,0,0,0,0,0,1,0,0,0,1,1,0.666666667,1,1,0.8,1,0,0,1
2257,1,0.333333333,0,1,1,1,0.555555556,0.333333333,0,0,0,0,0,0,0,0,1,0,0,0,1,1,0.666666667,1,1,0.8,1,0,0,1
2277,1,0.333333333,0,1,1,1,0.555555556,0.333333333,0,0,0,0,0,0,0,0,1,0,0,0,1,1,0.666666667,1,1,0.8,1,0,0,1
2278,1,0.333333333,0,1,1,1,0.555555556,0.333333333,0,0,0,0,0,0,0,0,1,0,0,0,1,1,0.666666667,1,1,0.8,1,0,0,1
2286,1,0.333333333,0,1,1,1,0.555555556,0.333333333,0,0,0,0,0,0,0,0,1,0,0,0,1,1,0.666666667,1,1,0.8,1,0,0,1
2303,1,0.333333333,0,1,1,1,0.666666667,0.666666667,0,0,0,0,0,0,0,0,0,0,0,0,1,1,0.666666667,1,1,0.933333333,0,0,1,1
2335,1,0.333333333,0,1,1,1,0.555555556,0.333333333,0,0,0,0,0,0,0,0,1,0,0,0,1,1,0.666666667,1,1,0.8,1,0,0,1
2374,1,0.333333333,0,1,1,1,0.555555556,0.333333333,0,0,0,0,0,0,0,0,1,0,0,0,1,1,0.666666667,1,1,0.8,1,0,0,1
2387,1,0.333333333,0,1,1,1,0.555555556,0.333333333,0,0,0,0,0,0,0,0,1,0,0,0,1,1,0.666666667,1,1,0.8,1,0,0,1
2395,1,0.333333333,0,1,1,1,0.555555556,0.333333333,0,0,0,0,0,0,0,0,1,0,0,0,1,1,0.666666667,1,1,0.8,1,0,0,1
2455,1,0.444444444,0,1,0.5,0.5,0.833333333,0.666666667,0,0,0.333333333,0,0,0,0,0,0.5,0.333333333,0,0,0.666666667,1,0.666666667,0.666666667,1,0.9,1,0,0,1
2465,1,0.333333333,0,1,1,1,0.555555556,0.333333333,0,0,0,0,0,0,0,0,1,0,0,0,1,1,0.666666667,1,1,0.8,1,0,0,1
2474,1,0.333333333,0,1,1,1,0.666666667,0.666666667,0,0,0,0,0,0,0,0,0,0,0,0,1,1,0.666666667,1,1,0.933333333,0,0,1,1
2487,1,0.333333333,0,1,1,1,0.666666667,0.666666667,0,0,0,0,0,0,0,0,0,0,0,0,1,1,0.666666667,1,1,0.933333333,0,0,1,1
2493,1,0.333333333,0,1,1,1,0.555555556,0.333333333,0,0,0,0,0,0,0,0,1,0,0,0,1,1,0.666666667,1,1,0.8,1,0,0,1
2534,1,0.333333333,0,1,1,1,0.555555556,0.333333333,0,0,0,0,0,0,0,0,1,0,0,0,1,1,0.666666667,1,1,0.8,1,0,0,1
2569,1,0.333333333,0,1,1,1,0.555555556,0.333333333,0,0,0,0,0,0,0,0,1,0,0,0,1,1,0.666666667,1,1,0.8,1,0,0,1
2573,1,0.333333333,0,1,1,1,0.555555556,0.333333333,0,0,0,0,0,0,0,0,1,0,0,0,1,1,0.666666667,1,1,0.8,1,0,0,1
2580,1,0.333333333,0,1,1,1,0.555555556,0.333333333,0,0,0,0,0,0,0,0,1,0,0,0,1,1,0.666666667,1,1,0.8,1,0,0,1
2592,1,0.333333333,0,1,1,1,0.555555556,0.333333333,0,0,0,0,0,0,0,0,1,0,0,0,1,1,0.666666667,1,1,0.8,1,0,0,1
2607,1,0.333333333,0,1,1,1,0.555555556,0.333333333,0,0,0,0,0,0,0,0,1,0,0,0,1,1,0.666666667,1,1,0.8,1,0,0,1
2621,1,0.333333333,0,1,1,1,0.555555556,0.333333333,0,0,0,0,0,0,0,0,1,0,0,0,1,1,0.666666667,1,1,0.8,1,0,0,1
2655,1,0.333333333,0,1,1,1,0.666666667,0.666666667,0,0,0,0,0,0,0,0,0,0,0,0,1,1,0.666666667,1,1,0.933333333,0,0,1,1
2666,1,0.333333333,0,1,1,1,0.555555556,0.333333333,0,0,0,0,0,0,0,0,1,0,0,0,1,1,0.666666667,1,1,0.8,1,0,0,1
2669,1,0.333333333,0,1,1,1,0.555555556,0.333333333,0,0,0,0,0,0,0,0,1,0,0,0,1,1,0.666666667,1,1,0.8,1,0,0,1
2670,1,0.333333333,0,1,1,1,0.555555556,0.333333333,0,0,0,0,0,0,0,0,1,0,0,0,1,1,0.666666667,1,1,0.8,1,0,0,1
2676,1,0.333333333,0,1,1,1,0.555555556,0.333333333,0,0,0,0,0,0,0,0,1,0,0,0,1,1,0.666666667,1,1,0.8,1,0,0,1
2691,1,0.333333333,0,1,1,1,0.666666667,0.666666667,0,0,0,0,0,0,0,0,0,0,0,0,1,1,0.666666667,1,1,0.933333333,0,0,1,1
2748,1,0.333333333,0,1,1,1,0.555555556,0.333333333,0,0,0,0,0,0,0,0,1,0,0,0,1,1,0.666666667,1,1,0.8,1,0,0,1
2763,1,0.333333333,0,1,1,1,0.555555556,0.333333333,0,0,0,0,0,0,0,0,1,0,0,0,1,1,0.666666667,1,1,0.8,1,0,0,1
2774,1,0.333333333,0,1,1,1,0.555555556,0.333333333,0,0,0,0,0,0,0,0,1,0,0,0,1,1,0.666666667,1,1,0.8,1,0,0,1
2789,1,0.333333333,0,1,1,1,0.555555556,0.333333333,0,0,0,0,0,0,0,0,1,0,0,0,1,1,0.666666667,1,1,0.8,1,0,0,1
2793,1,0.333333333,0,1,1,1,0.555555556,0.333333333,0,0,0,0,0,0,0,0,1,0,0,0,1,1,0.666666667,1,1,0.8,1,0,0,1
2795,1,0.333333333,0,1,1,1,0.555555556,0.333333333,0,0,0,0,0,0,0,0,1,0,0,0,1,1,0.666666667,1,1,0.8,1,0,0,1
2797,1,0.333333333,0,1,1,1,0.555555556,0.333333333,0,0,0,0,0,0,0,0,1,0,0,0,1,1,0.666666667,1,1,0.8,1,0,0,1
2806,1,0.333333333,0,1,1,1,0.555555556,0.333333333,0,0,0,0,0,0,0,0,1,0,0,0,1,1,0.666666667,1,1,0.8,1,0,0,1
2844,1,0.333333333,0,1,1,1,0.555555556,0.333333333,0,0,0,0,0,0,0,0,1,0,0,0,1,1,0.666666667,1,1,0.8,1,0,0,1
2868,1,0.333333333,0,1,1,1,0.555555556,0.333333333,0,0,0,0,0,0,0,0,1,0,0,0,1,1,0.666666667,1,1,0.8,1,0,0,1
2895,1,0.333333333,0,1,1,1,0.555555556,0.333333333,0,0,0,0,0,0,0,0,1,0,0,0,1,1,0.666666667,1,1,0.8,1,0,0,1
2912,1,0.333333333,0,1,1,1,0.555555556,0.333333333,0,0,0,0,0,0,0,0,1,0,0,0,1,1,0.666666667,1,1,0.8,1,0,0,1
2922,1,0.333333333,0,1,1,1,0.555555556,0.333333333,0,0,0,0,0,0,0,0,1,0,0,0,1,1,0.666666667,1,1,0.8,1,0,0,1
2931,1,0.333333333,0,1,1,1,0.555555556,0.333333333,0,0,0,0,0,0,0,0,1,0,0,0,1,1,0.666666667,1,1,0.8,1,0,0,1
2968,1,0.333333333,0,1,1,1,0.555555556,0.333333333,0,0,0,0,0,0,0,0,1,0,0,0,1,1,0.666666667,1,1,0.8,1,0,0,1
3034,1,0.333333333,0,1,1,1,0.555555556,0.333333333,0,0,0,0,0,0,0,0,1,0,0,0,1,1,0.666666667,1,1,0.8,1,0,0,1
3062,1,0.333333333,0,1,1,1,0.555555556,0.333333333,0,0,0,0,0,0,0,0,1,0,0,0,1,1,0.666666667,1,1,0.8,1,0,0,1
3087,1,0.333333333,0,1,1,1,0.555555556,0.333333333,0,0,0,0,0,0,0,0,1,0,0,0,1,1,0.666666667,1,1,0.8,1,0,0,1
3107,1,0.333333333,0,1,1,1,0.555555556,0.333333333,0,0,0,0,0,0,0,0,1,0,0,0,1,1,0.666666667,1,1,0.8,1,0,0,1
3173,1,0.333333333,0,1,1,1,0.555555556,0.333333333,0,0,0,0,0,0,0,0,1,0,0,0,1,1,0.666666667,1,1,0.8,1,0,0,1
3207,1,0.333333333,0,1,1,1,0.555555556,0.333333333,0,0,0,0,0,0,0,0,1,0,0,0,1,1,0.666666667,1,1,0.8,1,0,0,1
3229,1,0.333333333,0,1,1,1,0.555555556,0.333333333,0,0,0,0,0,0,0,0,1,0,0,0,1,1,0.666666667,1,1,0.8,1,0,0,1
3290,1,0.333333333,0,1,1,1,0.555555556,0.333333333,0,0,0,0,0,0,0,0,1,0,0,0,1,1,0.666666667,1,1,0.8,1,0,0,1
3336,1,0.333333333,0,1,1,1,0.555555556,0.333333333,0,0,0,0,0,0,0,0,1,0,0,0,1,1,0.666666667,1,1,0.8,1,0,0,1
3378,1,0.333333333,0,1,1,1,0.555555556,0.333333333,0,0,0,0,0,0,0,0,1,0,0,0,1,1,0.666666667,1,1,0.8,1,0,0,1
3399,1,0.333333333,0,1,1,1,0.555555556,0.333333333,0,0,0,0,0,0,0,0,1,0,0,0,1,1,0.666666667,1,1,0.8,1,0,0,1
3437,1,0.333333333,0,1,1,1,0.555555556,0.333333333,0,0,0,0,0,0,0,0,1,0,0,0,1,1,0.666666667,1,1,0.8,1,0,0,1
3461,1,0.333333333,0,1,1,1,0.555555556,0.333333333,0,0,0,0,0,0,0,0,1,0,0,0,1,1,0.666666667,1,1,0.8,1,0,0,1
3463,1,0.333333333,0,1,1,1,0.555555556,0.333333333,0,0,0,0,0,0,0,0,1,0,0,0,1,1,0.666666667,1,1,0.8,1,0,0,1
3502,1,0.333333333,0,1,1,1,0.555555556,0.333333333,0,0,0,0,0,0,0,0,1,0,0,0,1,1,0.666666667,1,1,0.8,1,0,0,1
3504,1,0.333333333,0,1,1,1,0.555555556,0.333333333,0,0,0,0,0,0,0,0,1,0,0,0,1,1,0.666666667,1,1,0.8,1,0,0,1
3524,1,0.333333333,0,1,1,1,0.555555556,0.333333333,0,0,0,0,0,0,0,0,1,0,0,0,1,1,0.666666667,1,1,0.8,1,0,0,1
3526,1,0.333333333,0,1,1,1,0.666666667,0.666666667,0,0,0,0,0,0,0,0,0,0,0,0,1,1,0.666666667,1,1,0.933333333,0,0,1,1
3527,1,0.333333333,0,1,1,1,0.555555556,0.333333333,0,0,0,0,0,0,0,0,1,0,0,0,1,1,0.666666667,1,1,0.8,1,0,0,1
3532,1,0.333333333,0,1,1,1,0.555555556,0.333333333,0,0,0,0,0,0,0,0,1,0,0,0,1,1,0.666666667,1,1,0.8,1,0,0,1
3543,1,0.333333333,0,1,1,1,0.555555556,0.333333333,0,0,0,0,0,0,0,0,1,0,0,0,1,1,0.666666667,1,1,0.8,1,0,0,1
3544,1,0.333333333,0,1,1,1,0.555555556,0.333333333,0,0,0,0,0,0,0,0,1,0,0,0,1,1,0.666666667,1,1,0.8,1,0,0,1
3560,1,0.333333333,0,1,1,1,0.555555556,0.333333333,0,0,0,0,0,0,0,0,1,0,0,0,1,1,0.666666667,1,1,0.8,1,0,0,1
3592,1,0.333333333,0,1,1,1,0.555555556,0.333333333,0,0,0,0,0,0,0,0,1,0,0,0,1,1,0.666666667,1,1,0.8,1,0,0,1
3671,1,0.333333333,0,1,1,1,0.555555556,0.333333333,0,0,0,0,0,0,0,0,1,0,0,0,1,1,0.666666667,1,1,0.8,1,0,0,1
3682,1,0.333333333,0,1,1,1,0.555555556,0.333333333,0,0,0,0,0,0,0,0,1,0,0,0,1,1,0.666666667,1,1,0.8,1,0,0,1
3696,1,0.333333333,0,1,1,1,0.666666667,0.666666667,0,0,0,0,0,0,0,0,0,0,0,0,1,1,0.666666667,1,1,0.933333333,0,0,1,1
3720,1,0.333333333,0,1,1,1,0.555555556,0.333333333,0,0,0,0,0,0,0,0,1,0,0,0,1,1,0.666666667,1,1,0.8,1,0,0,1
3787,1,0.333333333,0,1,1,1,0.555555556,0.333333333,0,0,0,0,0,0,0,0,1,0,0,0,1,1,0.666666667,1,1,0.8,1,0,0,1
3854,1,0.333333333,0,1,1,1,0.555555556,0.333333333,0,0,0,0,0,0,0,0,1,0,0,0,1,1,0.666666667,1,1,0.8,1,0,0,1
3871,1,0.333333333,0,1,1,1,0.555555556,0.333333333,0,0,0,0,0,0,0,0,1,0,0,0,1,1,0.666666667,1,1,0.8,1,0,0,1
3876,1,0.333333333,0,1,1,1,0.555555556,0.333333333,0,0,0,0,0,0,0,0,1,0,0,0,1,1,0.666666667,1,1,0.8,1,0,0,1
3881,1,0.333333333,0,1,1,1,0.555555556,0.333333333,0,0,0,0,0,0,0,0,1,0,0,0,1,1,0.666666667,1,1,0.8,1,0,0,1
3901,1,0.333333333,0,1,1,1,0.555555556,0.333333333,0,0,0,0,0,0,0,0,1,0,0,0,1,1,0.666666667,1,1,0.8,1,0,0,1
3941,1,0.333333333,0,1,1,1,0.555555556,0.333333333,0,0,0,0,0,0,0,0,1,0,0,0,1,1,0.666666667,1,1,0.8,1,0,0,1
3943,1,0.333333333,0,1,1,1,0.555555556,0.333333333,0,0,0,0,0,0,0,0,1,0,0,0,1,1,0.666666667,1,1,0.8,1,0,0,1
3949,1,0.333333333,0,1,1,1,0.555555556,0.333333333,0,0,0,0,0,0,0,0,1,0,0,0,1,1,0.666666667,1,1,0.8,1,0,0,1
3961,1,0.333333333,0,1,1,1,0.555555556,0.333333333,0,0,0,0,0,0,0,0,1,0,0,0,1,1,0.666666667,1,1,0.8,1,0,0,1
3962,1,0.333333333,0,1,1,1,0.555555556,0.333333333,0,0,0,0,0,0,0,0,1,0,0,0,1,1,0.666666667,1,1,0.8,1,0,0,1
3967,1,0.333333333,0,1,1,1,0.666666667,0.666666667,0,0,0,0,0,0,0,0,0,0,0,0,1,1,0.666666667,1,1,0.933333333,0,0,1,1
4006,1,0.333333333,0,1,1,1,0.555555556,0.333333333,0,0,0,0,0,0,0,0,1,0,0,0,1,1,0.666666667,1,1,0.8,1,0,0,1
4039,1,0.333333333,0,1,1,1,0.555555556,0.333333333,0,0,0,0,0,0,0,0,1,0,0,0,1,1,0.666666667,1,1,0.8,1,0,0,1
4057,1,0.333333333,0,1,1,1,0.555555556,0.333333333,0,0,0,0,0,0,0,0,1,0,0,0,1,1,0.666666667,1,1,0.8,1,0,0,1
4070,1,0.333333333,0,1,1,1,0.555555556,0.333333333,0,0,0,0,0,0,0,0,1,0,0,0,1,1,0.666666667,1,1,0.8,1,0,0,1
4099,1,0.333333333,0,1,1,1,0.555555556,0.333333333,0,0,0,0,0,0,0,0,1,0,0,0,1,1,0.666666667,1,1,0.8,1,0,0,1
4139,1,0.333333333,0,1,1,1,0.555555556,0.333333333,0,0,0,0,0,0,0,0,1,0,0,0,1,1,0.666666667,1,1,0.8,1,0,0,1
4157,1,0.333333333,0,1,1,1,0.555555556,0.333333333,0,0,0,0,0,0,0,0,1,0,0,0,1,1,0.666666667,1,1,0.8,1,0,0,1
4160,1,0.333333333,0,1,1,1,0.555555556,0.333333333,0,0,0,0,0,0,0,0,1,0,0,0,1,1,0.666666667,1,1,0.8,1,0,0,1
4176,1,0.333333333,0,1,1,1,0.666666667,0.666666667,0,0,0,0,0,0,0,0,0,0,0,0,1,1,0.666666667,1,1,0.933333333,0,0,1,1
4182,1,0.333333333,0,1,1,1,0.555555556,0.333333333,0,0,0,0,0,0,0,0,1,0,0,0,1,1,0.666666667,1,1,0.8,1,0,0,1
4183,1,0.333333333,0,1,1,1,0.555555556,0.333333333,0,0,0,0,0,0,0,0,1,0,0,0,1,1,0.666666667,1,1,0.8,1,0,0,1
4211,1,0.333333333,0,1,1,1,0.555555556,0.333333333,0,0,0,0,0,0,0,0,1,0,0,0,1,1,0.666666667,1,1,0.8,1,0,0,1
4213,1,0.333333333,0,1,1,1,0.555555556,0.333333333,0,0,0,0,0,0,0,0,1,0,0,0,1,1,0.666666667,1,1,0.8,1,0,0,1
4250,1,0.333333333,0,1,1,1,0.555555556,0.333333333,0,0,0,0,0,0,0,0,1,0,0,0,1,1,0.666666667,1,1,0.8,1,0,0,1
4263,1,0.333333333,0,1,0,0,0.666666667,0.666666667,0,0,1,0,0,0,0,0,0,0,0.333333333,0,1,1,0.666666667,1,1,0.933333333,0,0,1,1
4269,1,0.333333333,0,1,1,1,0.666666667,0.666666667,0,0,0,0,0,0,0,0,0,0,0,0,1,1,0.666666667,1,1,0.933333333,0,0,1,1
4281,1,0.333333333,0,1,1,1,0.555555556,0.333333333,0,0,0,0,0,0,0,0,1,0,0,0,1,1,0.666666667,1,1,0.8,1,0,0,1
4284,1,0.333333333,0,1,1,1,0.555555556,0.333333333,0,0,0,0,0,0,0,0,1,0,0,0,1,1,0.666666667,1,1,0.8,1,0,0,1
4285,1,0.333333333,0,1,1,1,0.555555556,0.333333333,0,0,0,0,0,0,0,0,1,0,0,0,1,1,0.666666667,1,1,0.8,1,0,0,1
4286,1,0.333333333,0,1,1,1,0.555555556,0.333333333,0,0,0,0,0,0,0,0,1,0,0,0,1,1,0.666666667,1,1,0.8,1,0,0,1
4346,1,0.333333333,0,1,1,1,0.555555556,0.333333333,0,0,0,0,0,0,0,0,1,0,0,0,1,1,0.666666667,1,1,0.8,1,0,0,1
4387,1,0.333333333,0,1,1,1,0.555555556,0.333333333,0,0,0,0,0,0,0,0,1,0,0,0,1,1,0.666666667,1,1,0.8,1,0,0,1
4388,1,0.333333333,0,1,1,1,0.666666667,0.666666667,0,0,0,0,0,0,0,0,0,0,0,0,1,1,0.666666667,1,1,0.933333333,0,0,1,1
4401,1,0.333333333,0,1,1,1,0.555555556,0.333333333,0,0,0,0,0,0,0,0,1,0,0,0,1,1,0.666666667,1,1,0.8,1,0,0,1
4416,1,0.333333333,0,1,1,1,0.555555556,0.333333333,0,0,0,0,0,0,0,0,1,0,0,0,1,1,0.666666667,1,1,0.8,1,0,0,1
4441,1,0.333333333,0,1,1,1,0.555555556,0.333333333,0,0,0,0,0,0,0,0,1,0,0,0,1,1,0.666666667,1,1,0.8,1,0,0,1
4497,1,0.333333333,0,1,1,1,0.555555556,0.333333333,0,0,0,0,0,0,0,0,1,0,0,0,1,1,0.666666667,1,1,0.8,1,0,0,1
4546,1,0.333333333,0,1,1,1,0.555555556,0.333333333,0,0,0,0,0,0,0,0,1,0,0,0,1,1,0.666666667,1,1,0.8,1,0,0,1
4547,1,0.333333333,0,1,1,1,0.555555556,0.333333333,0,0,0,0,0,0,0,0,1,0,0,0,1,1,0.666666667,1,1,0.8,1,0,0,1
4564,1,0.333333333,0,1,1,1,0.666666667,0.666666667,0,0,0,0,0,0,0,0,0,0,0,0,1,1,0.666666667,1,1,0.933333333,0,0,1,1
4569,1,0.333333333,0,1,1,1,0.555555556,0.333333333,0,0,0,0,0,0,0,0,1,0,0,0,1,1,0.666666667,1,1,0.8,1,0,0,1
4575,1,0.333333333,0,1,1,1,0.555555556,0.333333333,0,0,0,0,0,0,0,0,1,0,0,0,1,1,0.666666667,1,1,0.8,1,0,0,1
4598,1,0.333333333,0,1,1,1,0.666666667,0.666666667,0,0,0,0,0,0,0,0,0,0,0,0,1,1,0.666666667,1,1,0.933333333,0,0,1,1
4607,1,0.333333333,0,1,1,1,0.555555556,0.333333333,0,0,0,0,0,0,0,0,1,0,0,0,1,1,0.666666667,1,1,0.8,1,0,0,1
4663,1,0.333333333,0,1,1,1,0.555555556,0.333333333,0,0,0,0,0,0,0,0,1,0,0,0,1,1,0.666666667,1,1,0.8,1,0,0,1
4679,1,0.333333333,0,1,1,1,0.555555556,0.333333333,0,0,0,0,0,0,0,0,1,0,0,0,1,1,0.666666667,1,1,0.8,1,0,0,1
4743,1,0.333333333,0,1,1,1,0.555555556,0.333333333,0,0,0,0,0,0,0,0,1,0,0,0,1,1,0.666666667,1,1,0.8,1,0,0,1
4751,1,0.333333333,0,1,1,1,0.555555556,0.333333333,0,0,0,0,0,0,0,0,1,0,0,0,1,1,0.666666667,1,1,0.8,1,0,0,1
4778,1,0.333333333,0,1,1,1,0.555555556,0.333333333,0,0,0,0,0,0,0,0,1,0,0,0,1,1,0.666666667,1,1,0.8,1,0,0,1
4792,1,0.333333333,0,1,1,1,0.555555556,0.333333333,0,0,0,0,0,0,0,0,1,0,0,0,1,1,0.666666667,1,1,0.8,1,0,0,1
4835,1,0.333333333,0,1,1,1,0.555555556,0.333333333,0,0,0,0,0,0,0,0,1,0,0,0,1,1,0.666666667,1,1,0.8,1,0,0,1
4881,1,0.333333333,0,1,1,1,0.555555556,0.333333333,0,0,0,0,0,0,0,0,1,0,0,0,1,1,0.666666667,1,1,0.8,1,0,0,1
4901,1,0.333333333,0,1,1,1,0.666666667,0.666666667,0,0,0,0,0,0,0,0,0,0,0,0,1,1,0.666666667,1,1,0.933333333,0,0,1,1
4954,1,0.333333333,0,1,1,1,0.555555556,0.333333333,0,0,0,0,0,0,0,0,1,0,0,0,1,1,0.666666667,1,1,0.8,1,0,0,1
4973,1,0.333333333,0,1,1,1,0.555555556,0.333333333,0,0,0,0,0,0,0,0,1,0,0,0,1,1,0.666666667,1,1,0.8,1,0,0,1
5001,1,0.333333333,0,1,1,1,0.555555556,0.333333333,0,0,0,0,0,0,0,0,1,0,0,0,1,1,0.666666667,1,1,0.8,1,0,0,1
5003,1,0.333333333,0,1,1,1,0.555555556,0.333333333,0,0,0,0,0,0,0,0,1,0,0,0,1,1,0.666666667,1,1,0.8,1,0,0,1
5019,1,0.333333333,0,1,1,1,0.555555556,0.333333333,0,0,0,0,0,0,0,0,1,0,0,0,1,1,0.666666667,1,1,0.8,1,0,0,1
5035,1,0.333333333,0,1,1,1,0.555555556,0.333333333,0,0,0,0,0,0,0,0,1,0,0,0,1,1,0.666666667,1,1,0.8,1,0,0,1
5050,1,0.333333333,0,1,1,1,0.555555556,0.333333333,0,0,0,0,0,0,0,0,1,0,0,0,1,1,0.666666667,1,1,0.8,1,0,0,1
5057,1,0.333333333,0,1,1,1,0.555555556,0.333333333,0,0,0,0,0,0,0,0,1,0,0,0,1,1,0.666666667,1,1,0.8,1,0,0,1
5076,1,0.333333333,0,1,1,1,0.555555556,0.333333333,0,0,0,0,0,0,0,0,1,0,0,0,1,1,0.666666667,1,1,0.8,1,0,0,1
5091,1,0.333333333,0,1,1,1,0.555555556,0.333333333,0,0,0,0,0,0,0,0,1,0,0,0,1,1,0.666666667,1,1,0.8,1,0,0,1
5095,1,0.333333333,0,1,1,1,0.555555556,0.333333333,0,0,1,0,0,0,0,0,1,0,0.333333333,0,0.444444444,1,0.666666667,1,1,0.933333333,1,0,0.333333333,1
5141,1,0.333333333,0,1,1,1,0.555555556,0.333333333,0,0,0,0,0,0,0,0,1,0,0,0,1,1,0.666666667,1,1,0.8,1,0,0,1
5152,1,0.333333333,0,1,1,1,0.555555556,0.333333333,0,0,0,0,0,0,0,0,1,0,0,0,1,1,0.666666667,1,1,0.8,1,0,0,1
5253,1,0.333333333,0,1,1,1,0.555555556,0.333333333,0,0,0,0,0,0,0,0,1,0,0,0,1,1,0.666666667,1,1,0.8,1,0,0,1
5367,1,0.333333333,0,1,1,1,0.555555556,0.333333333,0,0,0,0,0,0,0,0,1,0,0,0,1,1,0.666666667,1,1,0.8,1,0,0,1
5373,1,0.333333333,0,1,1,1,0.555555556,0.333333333,0,0,0,0,0,0,0,0,1,0,0,0,1,1,0.666666667,1,1,0.8,1,0,0,1
5403,1,0.333333333,0,1,1,1,0.555555556,0.333333333,0,0,0,0,0,0,0,0,1,0,0,0,1,1,0.666666667,1,1,0.8,1,0,0,1
5417,1,0.333333333,0,1,1,1,0.555555556,0.333333333,0,0,0,0,0,0,0,0,1,0,0,0,1,1,0.666666667,1,1,0.8,1,0,0,1
5422,1,0.333333333,0,1,1,1,0.555555556,0.333333333,0,0,0,0,0,0,0,0,1,0,0,0,1,1,0.666666667,1,1,0.8,1,0,0,1
5499,1,0.333333333,0,1,1,1,0.555555556,0.333333333,0,0,0,0,0,0,0,0,1,0,0,0,1,1,0.666666667,1,1,0.8,1,0,0,1
5503,1,0.333333333,0,1,1,1,0.555555556,0.333333333,0,0,0,0,0,0,0,0,1,0,0,0,1,1,0.666666667,1,1,0.8,1,0,0,1
5530,1,0.333333333,0,1,1,1,0.555555556,0.333333333,0,0,0,0,0,0,0,0,1,0,0,0,1,1,0.666666667,1,1,0.8,1,0,0,1
5541,1,0.333333333,0,1,1,1,0.555555556,0.333333333,0,0,0,0,0,0,0,0,1,0,0,0,1,1,0.666666667,1,1,0.8,1,0,0,1
5542,1,0.333333333,0,1,1,1,0.555555556,0.333333333,0,0,0,0,0,0,0,0,1,0,0,0,1,1,0.666666667,1,1,0.8,1,0,0,1
5660,1,0.333333333,0,1,1,1,0.555555556,0.333333333,0,0,0,0,0,0,0,0,1,0,0,0,1,1,0.666666667,1,1,0.8,1,0,0,1
5663,1,0.333333333,0,1,1,1,0.555555556,0.333333333,0,0,0,0,0,0,0,0,1,0,0,0,1,1,0.666666667,1,1,0.8,1,0,0,1
5697,0.888888889,0.444444444,0,0.333333333,1,1,0.555555556,0.333333333,1,0,0.666666667,0.333333333,0,0,0,0,0,0,0.333333333,0,0.777777778,1,0.666666667,1,1,0.933333333,0,0,1,0.888888889
5753,1,0.333333333,0,1,1,1,0.666666667,0.666666667,0,0,0,0,0,0,0,0,0,0,0,0,1,1,0.666666667,1,1,0.933333333,0,0,1,1
5783,1,0.333333333,0,1,1,1,0.555555556,0.333333333,0,0,0,0,0,0,0,0,1,0,0,0,1,1,0.666666667,1,1,0.8,1,0,0,1
5790,1,0.333333333,0,1,1,1,0.555555556,0.333333333,0,0,0,0,0,0,0,0,1,0,0,0,1,1,0.666666667,1,1,0.8,1,0,0,1
5835,1,0.333333333,0,1,1,1,0.555555556,0.333333333,0,0,0,0,0,0,0,0,1,0,0,0,1,1,0.666666667,1,1,0.8,1,0,0,1
5847,1,0.333333333,0,1,1,1,0.666666667,0.666666667,0,0,0,0,0,0,0,0,0,0,0,0,1,1,0.666666667,1,1,0.933333333,0,0,1,1
5862,1,0.333333333,0,1,1,1,0.555555556,0.333333333,0,0,0,0,0,0,0,0,1,0,0,0,1,1,0.666666667,1,1,0.8,1,0,0,1
5878,1,0.333333333,0,1,1,1,0.555555556,0.333333333,0,0,0,0,0,0,0,0,1,0,0,0,1,1,0.666666667,1,1,0.8,1,0,0,1
5891,1,0.333333333,0,1,1,1,0.555555556,0.333333333,0,0,0,0,0,0,0,0,1,0,0,0,1,1,0.666666667,1,1,0.8,1,0,0,1
5904,1,0.333333333,0,1,1,1,0.555555556,0.333333333,0,0,0,0,0,0,0,0,1,0,0,0,1,1,0.666666667,1,1,0.8,1,0,0,1
5907,1,0.333333333,0,1,1,1,0.555555556,0.333333333,0,0,0,0,0,0,0,0,1,0,0,0,1,1,0.666666667,1,1,0.8,1,0,0,1
5914,1,0.444444444,0,1,1,1,0.555555556,0.333333333,0.333333333,0,0,0.333333333,0,0,0,0,1,0,0,0,0.777777778,0.666666667,0.333333333,1,1,0.6,1,0,0,1
5936,1,0.333333333,0,1,1,1,0.666666667,0.666666667,0,0,0,0,0,0,0,0,0,0,0,0,1,1,0.666666667,1,1,0.933333333,0,0,1,1
5947,1,0.333333333,0,1,1,1,0.555555556,0.333333333,0,0,0,0,0,0,0,0,1,0,0,0,1,1,0.666666667,1,1,0.8,1,0,0,1
5958,1,0.333333333,0,1,1,1,0.555555556,0.333333333,0,0,0,0,0,0,0,0,1,0,0,0,1,1,0.666666667,1,1,0.8,1,0,0,1
5972,1,0.333333333,0,1,1,1,0.555555556,0.333333333,0,0,0,0,0,0,0,0,1,0,0,0,1,1,0.666666667,1,1,0.8,1,0,0,1
5979,1,0.333333333,0,1,1,1,0.666666667,0.666666667,0,0,0,0,0,0,0,0,0,0,0,0,1,1,0.666666667,1,1,0.933333333,0,0,1,1
5998,1,0.333333333,0,1,1,1,0.555555556,0.333333333,0,0,0,0,0,0,0,0,1,0,0,0,1,1,0.666666667,1,1,0.8,1,0,0,1
6016,1,0.333333333,0,1,1,1,0.555555556,0.333333333,0,0,0,0,0,0,0,0,1,0,0,0,1,1,0.666666667,1,1,0.8,1,0,0,1
6042,1,0.333333333,0,1,1,1,0.555555556,0.333333333,0,0,0,0,0,0,0,0,1,0,0,0,1,1,0.666666667,1,1,0.8,1,0,0,1
6058,1,0.333333333,0,1,1,1,0.555555556,0.333333333,0,0,0,0,0,0,0,0,1,0,0,0,1,1,0.666666667,1,1,0.8,1,0,0,1
6079,1,0.333333333,0,1,1,1,0.555555556,0.333333333,0,0,0,0,0,0,0,0,1,0,0,0,1,1,0.666666667,1,1,0.8,1,0,0,1
6087,1,0.333333333,0,1,1,1,0.555555556,0.333333333,0,0,0,0,0,0,0,0,1,0,0,0,1,1,0.666666667,1,1,0.8,1,0,0,1
6111,1,0.333333333,0,1,1,1,0.555555556,0.333333333,0,0,0,0,0,0,0,0,1,0,0,0,1,1,0.666666667,1,1,0.8,1,0,0,1
6126,1,0.333333333,0,1,1,1,0.666666667,0.666666667,0,0,0,0,0,0,0,0,0,0,0,0,1,1,0.666666667,1,1,0.933333333,0,0,1,1
6132,1,0.333333333,0,1,1,1,0.555555556,0.333333333,0,0,0,0,0,0,0,0,1,0,0,0,1,1,0.666666667,1,1,0.8,1,0,0,1
6159,1,0.333333333,0,1,1,1,0.555555556,0.333333333,0,0,0,0,0,0,0,0,1,0,0,0,1,1,0.666666667,1,1,0.8,1,0,0,1
6204,1,0.333333333,0,1,1,1,0.666666667,0.666666667,0,0,0,0,0,0,0,0,0,0,0,0,1,1,0.666666667,1,1,0.933333333,0,0,1,1
6212,1,0.333333333,0,1,1,1,0.555555556,0.333333333,0,0,0,0,0,0,0,0,1,0,0,0,1,1,0.666666667,1,1,0.8,1,0,0,1
6226,1,0.333333333,0,1,1,1,0.666666667,0.666666667,0,0,0,0,0,0,0,0,0,0,0,0,1,1,0.666666667,1,1,0.933333333,0,0,1,1
6258,1,0.333333333,0,1,1,1,0.555555556,0.333333333,0,0,0,0,0,0,0,0,1,0,0,0,1,1,0.666666667,1,1,0.8,1,0,0,1
6271,1,0.333333333,0,1,1,1,0.555555556,0.333333333,0,0,0,0,0,0,0,0,1,0,0,0,1,1,0.666666667,1,1,0.8,1,0,0,1
6280,1,0.333333333,0,1,1,1,0.666666667,0.666666667,0,0,0,0,0,0,0,0,0,0,0,0,1,1,0.666666667,1,1,0.933333333,0,0,1,1
6285,1,0.333333333,0,1,1,1,0.555555556,0.333333333,0,0,0,0,0,0,0,0,1,0,0,0,1,1,0.666666667,1,1,0.8,1,0,0,1
6301,1,0.333333333,0,1,1,1,0.555555556,0.333333333,0,0,0,0,0,0,0,0,1,0,0,0,1,1,0.666666667,1,1,0.8,1,0,0,1
6319,1,0.333333333,0,1,1,1,0.555555556,0.333333333,0,0,0,0,0,0,0,0,1,0,0,0,1,1,0.666666667,1,1,0.8,1,0,0,1
6325,1,0.333333333,0,1,1,1,0.555555556,0.333333333,0,0,0,0,0,0,0,0,1,0,0,0,1,1,0.666666667,1,1,0.8,1,0,0,1
6331,1,0.333333333,0,1,1,1,0.666666667,0.666666667,0,0,0,0,0,0,0,0,0,0,0,0,1,1,0.666666667,1,1,0.933333333,0,0,1,1
6332,1,0.333333333,0,1,1,1,0.555555556,0.333333333,0,0,0,0,0,0,0,0,1,0,0,0,1,1,0.666666667,1,1,0.8,1,0,0,1
6336,1,0.333333333,0,1,1,1,0.555555556,0.333333333,0,0,0,0,0,0,0,0,1,0,0,0,1,1,0.666666667,1,1,0.8,1,0,0,1
6346,1,0.333333333,0,1,1,1,0.555555556,0.333333333,0,0,0,0,0,0,0,0,1,0,0,0,1,1,0.666666667,1,1,0.8,1,0,0,1
6378,1,0.333333333,0,1,1,1,0.555555556,0.333333333,0,0,0,0,0,0,0,0,1,0,0,0,1,1,0.666666667,1,1,0.8,1,0,0,1
6379,1,0.333333333,0,1,1,1,0.555555556,0.333333333,0,0,0,0,0,0,0,0,1,0,0,0,1,1,0.666666667,1,1,0.8,1,0,0,1
6420,1,0.333333333,0,1,1,1,0.666666667,0.666666667,0,0,0,0,0,0,0,0,0,0,0,0,1,1,0.666666667,1,1,0.933333333,0,0,1,1
6445,1,0.333333333,0,1,1,1,0.555555556,0.333333333,0,0,0,0,0,0,0,0,1,0,0,0,1,1,0.666666667,1,1,0.8,1,0,0,1
6481,1,0.333333333,0,1,1,1,0.555555556,0.333333333,0,0,0,0,0,0,0,0,1,0,0,0,1,1,0.666666667,1,1,0.8,1,0,0,1
6494,1,0.333333333,0,1,1,1,0.555555556,0.333333333,0,0,0,0,0,0,0,0,1,0,0,0,1,1,0.666666667,1,1,0.8,1,0,0,1
6495,1,0.333333333,0,1,1,1,0.555555556,0.333333333,0,0,0,0,0,0,0,0,1,0,0,0,1,1,0.666666667,1,1,0.8,1,0,0,1
6502,1,0.333333333,0,1,1,1,0.555555556,0.333333333,0,0,0,0,0,0,0,0,1,0,0,0,1,1,0.666666667,1,1,0.8,1,0,0,1
6560,1,0.333333333,0,1,1,1,0.666666667,0.666666667,0,0,0,0,0,0,0,0,0,0,0,0,1,1,0.666666667,1,1,0.933333333,0,0,1,1
6580,1,0.333333333,0,1,1,1,0.555555556,0.333333333,0,0,0,0,0,0,0,0,1,0,0,0,1,1,0.666666667,1,1,0.8,1,0,0,1
6583,1,0.333333333,0,1,1,1,0.555555556,0.333333333,0,0,0,0,0,0,0,0,1,0,0,0,1,1,0.666666667,1,1,0.8,1,0,0,1
6621,1,0.333333333,0,1,1,1,0.555555556,0.333333333,0,0,0,0,0,0,0,0,1,0,0,0,1,1,0.666666667,1,1,0.8,1,0,0,1
6643,1,0.333333333,0,1,1,1,0.555555556,0.333333333,0,0,0,0,0,0,0,0,1,0,0,0,1,1,0.666666667,1,1,0.8,1,0,0,1
6646,1,0.333333333,0,1,1,1,0.555555556,0.333333333,0,0,0,0,0,0,0,0,1,0,0,0,1,1,0.666666667,1,1,0.8,1,0,0,1
6688,1,0.333333333,0,1,1,1,0.555555556,0.333333333,0,0,0,0,0,0,0,0,1,0,0,0,1,1,0.666666667,1,1,0.8,1,0,0,1
6694,1,0.333333333,0,1,1,1,0.666666667,0.666666667,0,0,0,0,0,0,0,0,0,0,0,0,1,1,0.666666667,1,1,0.933333333,0,0,1,1
6715,1,0.333333333,0,1,1,1,0.666666667,0.666666667,0,0,0,0,0,0,0,0,0,0,0,0,1,1,0.666666667,1,1,0.933333333,0,0,1,1
6723,1,0.333333333,0,1,1,1,0.666666667,0.666666667,0,0,0,0,0,0,0,0,0,0,0,0,1,1,0.666666667,1,1,0.933333333,0,0,1,1
6737,1,0.333333333,0,1,1,1,0.555555556,0.333333333,0,0,0,0,0,0,0,0,1,0,0,0,1,1,0.666666667,1,1,0.8,1,0,0,1
6744,1,0.333333333,0,1,1,1,0.555555556,0.333333333,0,0,0,0,0,0,0,0,1,0,0,0,1,1,0.666666667,1,1,0.8,1,0,0,1
6745,1,0.333333333,0,1,1,1,0.555555556,0.333333333,0,0,0,0,0,0,0,0,1,0,0,0,1,1,0.666666667,1,1,0.8,1,0,0,1
6766,1,0.333333333,0,1,1,1,0.555555556,0.333333333,0,0,0,0,0,0,0,0,1,0,0,0,1,1,0.666666667,1,1,0.8,1,0,0,1
6770,1,0.333333333,0,1,1,1,0.555555556,0.333333333,0,0,0,0,0,0,0,0,1,0,0,0,1,1,0.666666667,1,1,0.8,1,0,0,1
6774,1,0.333333333,0,1,1,1,0.555555556,0.333333333,0,0,0,0,0,0,0,0,1,0,0,0,1,1,0.666666667,1,1,0.8,1,0,0,1
6821,1,0.333333333,0,1,1,1,0.555555556,0.333333333,0,0,0,0,0,0,0,0,1,0,0,0,1,1,0.666666667,1,1,0.8,1,0,0,1
6832,1,0.333333333,0,1,1,1,0.555555556,0.333333333,0,0,0,0,0,0,0,0,1,0,0,0,1,1,0.666666667,1,1,0.8,1,0,0,1
6838,1,0.333333333,0,1,1,1,0.555555556,0.333333333,0,0,0,0,0,0,0,0,1,0,0,0,1,1,0.666666667,1,1,0.8,1,0,0,1
6856,1,0.333333333,0,1,1,1,0.666666667,0.666666667,0,0,0,0,0,0,0,0,0,0,0,0,1,1,0.666666667,1,1,0.933333333,0,0,1,1
6888,1,0.333333333,0,1,1,1,0.555555556,0.333333333,0,0,0,0,0,0,0,0,1,0,0,0,1,1,0.666666667,1,1,0.8,1,0,0,1
6889,1,0.333333333,0,1,1,1,0.555555556,0.333333333,0,0,0,0,0,0,0,0,1,0,0,0,1,1,0.666666667,1,1,0.8,1,0,0,1
6955,1,0.333333333,0,1,1,1,0.666666667,0.666666667,0,0,0,0,0,0,0,0,0,0,0,0,1,1,0.666666667,1,1,0.933333333,0,0,1,1
6957,1,0.333333333,0,1,1,1,0.555555556,0.333333333,0,0,0,0,0,0,0,0,1,0,0,0,1,1,0.666666667,1,1,0.8,1,0,0,1
6964,1,0.333333333,0,1,1,1,0.555555556,0.333333333,0,0,0,0,0,0,0,0,1,0,0,0,1,1,0.666666667,1,1,0.8,1,0,0,1
6988,1,0.333333333,0,1,1,1,0.555555556,0.333333333,0,0,0,0,0,0,0,0,1,0,0,0,1,1,0.666666667,1,1,0.8,1,0,0,1
6994,1,0.555555556,0,1,1,1,0.666666667,0.555555556,0,0,0,0,0,0,0,0,1,0,0,0,0.888888889,1,0.666666667,1,1,0.933333333,0.666666667,0,0.666666667,0.888888889
7012,1,0.333333333,0,1,1,1,0.555555556,0.333333333,0,0,0,0,0,0,0,0,1,0,0,0,1,1,0.666666667,1,1,0.8,1,0,0,1
7018,1,0.333333333,0,1,1,1,0.555555556,0.333333333,0,0,0,0,0,0,0,0,1,0,0,0,1,1,0.666666667,1,1,0.8,1,0,0,1
7036,1,0.333333333,0,1,1,1,0.555555556,0.333333333,0,0,0,0,0,0,0,0,1,0,0,0,1,1,0.666666667,1,1,0.8,1,0,0,1
7064,1,0.333333333,0,1,1,1,0.555555556,0.333333333,0,0,0,0,0,0,0,0,1,0,0,0,1,1,0.666666667,1,1,0.8,1,0,0,1
7072,1,0.333333333,0,1,1,1,0.555555556,0.333333333,0,0,0,0,0,0,0,0,1,0,0,0,1,1,0.666666667,1,1,0.8,1,0,0,1
7114,1,0.333333333,0,1,1,1,0.555555556,0.333333333,0,0,0,0,0,0,0,0,1,0,0,0,1,1,0.666666667,1,1,0.8,1,0,0,1
7116,1,0.333333333,0,1,1,1,0.555555556,0.333333333,0,0,0,0,0,0,0,0,1,0,0,0,1,1,0.666666667,1,1,0.8,1,0,0,1
7123,1,0.333333333,0,1,1,1,0.555555556,0.333333333,0,0,0,0,0,0,0,0,1,0,0,0,1,1,0.666666667,1,1,0.8,1,0,0,1
7150,1,0.333333333,0,1,1,1,0.555555556,0.333333333,0,0,0,0,0,0,0,0,1,0,0,0,1,1,0.666666667,1,1,0.8,1,0,0,1
7165,1,0.333333333,0,1,1,1,0.555555556,0.333333333,0,0,0,0,0,0,0,0,1,0,0,0,1,1,0.666666667,1,1,0.8,1,0,0,1
7176,1,0.333333333,0,1,1,1,0.555555556,0.333333333,0,0,0,0,0,0,0,0,1,0,0,0,1,1,0.666666667,1,1,0.8,1,0,0,1
7194,1,0.333333333,0,1,1,1,0.555555556,0.333333333,0,0,0,0,0,0,0,0,1,0,0,0,1,1,0.666666667,1,1,0.8,1,0,0,1
7201,1,0.333333333,0,1,1,1,0.555555556,0.333333333,0,0,0,0,0,0,0,0,1,0,0,0,1,1,0.666666667,1,1,0.8,1,0,0,1
7216,1,0.333333333,0,1,1,1,0.555555556,0.333333333,0,0,0,0,0,0,0,0,1,0,0,0,1,1,0.666666667,1,1,0.8,1,0,0,1
7247,1,0.333333333,0,1,1,1,0.555555556,0.333333333,0,0,0,0,0,0,0,0,1,0,0,0,1,1,0.666666667,1,1,0.8,1,0,0,1
7254,1,0.333333333,0,1,1,1,0.555555556,0.333333333,0,0,0,0,0,0,0,0,1,0,0,0,1,1,0.666666667,1,1,0.8,1,0,0,1
7272,1,0.333333333,0,1,1,1,0.555555556,0.333333333,0,0,0,0,0,0,0,0,1,0,0,0,1,1,0.666666667,1,1,0.8,1,0,0,1
7278,1,0.333333333,0,1,1,1,0.666666667,0.666666667,0,0,0,0,0,0,0,0,0,0,0,0,1,1,0.666666667,1,1,0.933333333,0,0,1,1
7281,1,0.333333333,0,1,1,1,0.666666667,0.666666667,0,0,0,0,0,0,0,0,0,0,0,0,1,1,0.666666667,1,1,0.933333333,0,0,1,1
7293,1,0.333333333,0,1,1,1,0.555555556,0.333333333,0,0,0,0,0,0,0,0,1,0,0,0,1,1,0.666666667,1,1,0.8,1,0,0,1
7302,1,0.333333333,0,1,1,1,0.555555556,0.333333333,0,0,0,0,0,0,0,0,1,0,0,0,1,1,0.666666667,1,1,0.8,1,0,0,1
7326,1,0.333333333,0,1,1,1,0.555555556,0.333333333,0,0,0,0,0,0,0,0,1,0,0,0,1,1,0.666666667,1,1,0.8,1,0,0,1
7404,1,0.333333333,0,1,1,1,0.555555556,0.333333333,0,0,0,0,0,0,0,0,1,0,0,0,1,1,0.666666667,1,1,0.8,1,0,0,1
7410,1,0.333333333,0,1,1,1,0.555555556,0.333333333,0,0,0,0,0,0,0,0,1,0,0,0,1,1,0.666666667,1,1,0.8,1,0,0,1
7438,1,0.333333333,0,1,1,1,0.555555556,0.333333333,0,0,0,0,0,0,0,0,1,0,0,0,1,1,0.666666667,1,1,0.8,1,0,0,1
7477,1,0.333333333,0,1,1,1,0.555555556,0.333333333,0,0,0,0,0,0,0,0,1,0,0,0,1,1,0.666666667,1,1,0.8,1,0,0,1
7481,1,0.333333333,0,1,1,1,0.555555556,0.333333333,0,0,0,0,0,0,0,0,1,0,0,0,1,1,0.666666667,1,1,0.8,1,0,0,1
7485,1,0.333333333,0,1,1,1,0.555555556,0.333333333,0,0,0,0,0,0,0,0,1,0,0,0,1,1,0.666666667,1,1,0.8,1,0,0,1
7519,1,0.333333333,0,1,1,1,0.555555556,0.333333333,0,0,0,0,0,0,0,0,1,0,0,0,1,1,0.666666667,1,1,0.8,1,0,0,1
7520,1,0.333333333,0,1,1,1,0.555555556,0.333333333,0,0,0,0,0,0,0,0,1,0,0,0,1,1,0.666666667,1,1,0.8,1,0,0,1
7525,1,0.333333333,0,1,1,1,0.666666667,0.666666667,0,0,0,0,0,0,0,0,0,0,0,0,1,1,0.666666667,1,1,0.933333333,0,0,1,1
7531,1,0.333333333,0,1,1,1,0.555555556,0.333333333,0,0,0,0,0,0,0,0,1,0,0,0,1,1,0.666666667,1,1,0.8,1,0,0,1
7544,1,0.333333333,0,1,1,1,0.555555556,0.333333333,0,0,0,0,0,0,0,0,1,0,0,0,1,1,0.666666667,1,1,0.8,1,0,0,1
7546,1,0.777777778,0,1,0.666666667,1,0.555555556,0.444444444,0,0,0,0,0,0,0,0,0,0,1,0,0.888888889,1,0.666666667,1,1,0.866666667,0,0,1,1
7589,1,0.333333333,0,1,1,1,0.555555556,0.333333333,0,0,0,0,0,0,0,0,1,0,0,0,1,1,0.666666667,1,1,0.8,1,0,0,1
7595,1,0.333333333,0,1,1,1,0.555555556,0.333333333,0,0,0,0,0,0,0,0,1,0,0,0,1,1,0.666666667,1,1,0.8,1,0,0,1
7614,1,0.333333333,0,1,1,1,0.555555556,0.333333333,0,0,0,0,0,0,0,0,1,0,0,0,1,1,0.666666667,1,1,0.8,1,0,0,1
7640,1,0.333333333,0,1,1,1,0.555555556,0.333333333,0,0,0,0,0,0,0,0,1,0,0,0,1,1,0.666666667,1,1,0.8,1,0,0,1
7654,1,0.333333333,0,1,1,1,0.555555556,0.333333333,0,0,0,0,0,0,0,0,1,0,0,0,1,1,0.666666667,1,1,0.8,1,0,0,1
7672,1,0.333333333,0,1,1,1,0.666666667,0.666666667,0,0,0,0,0,0,0,0,0,0,0,0,1,1,0.666666667,1,1,0.933333333,0,0,1,1
7711,1,0.333333333,0,1,1,1,0.555555556,0.333333333,0,0,0,0,0,0,0,0,1,0,0,0,1,1,0.666666667,1,1,0.8,1,0,0,1
7727,1,0.333333333,0,1,1,1,0.666666667,0.666666667,0,0,0,0,0,0,0,0,0,0,0,0,1,1,0.666666667,1,1,0.933333333,0,0,1,1
7739,1,0.333333333,0,1,1,1,0.666666667,0.666666667,0,0,0,0,0,0,0,0,0,0,0,0,1,1,0.666666667,1,1,0.933333333,0,0,1,1
7758,1,0.333333333,0,1,1,1,0.555555556,0.333333333,0,0,0,0,0,0,0,0,1,0,0,0,1,1,0.666666667,1,1,0.8,1,0,0,1
7766,1,0.333333333,0,1,1,1,0.555555556,0.333333333,0,0,0,0,0,0,0,0,1,0,0,0,1,1,0.666666667,1,1,0.8,1,0,0,1
7815,1,0.333333333,0,1,1,1,0.555555556,0.333333333,0,0,0,0,0,0,0,0,1,0,0,0,1,1,0.666666667,1,1,0.8,1,0,0,1
7838,1,0.333333333,0,1,1,1,0.555555556,0.333333333,0,0,0,0,0,0,0,0,1,0,0,0,1,1,0.666666667,1,1,0.8,1,0,0,1
7852,1,0.333333333,0,1,1,1,0.666666667,0.666666667,0,0,0,0,0,0,0,0,0,0,0,0,1,1,0.666666667,1,1,0.933333333,0,0,1,1
7869,1,0.333333333,0,1,1,1,0.555555556,0.333333333,0,0,0,0,0,0,0,0,1,0,0,0,1,1,0.666666667,1,1,0.8,1,0,0,1
7878,1,0.333333333,0,1,1,1,0.555555556,0.333333333,0,0,0,0,0,0,0,0,1,0,0,0,1,1,0.666666667,1,1,0.8,1,0,0,1
7899,1,0.333333333,0,1,1,1,0.555555556,0.333333333,0,0,0,0,0,0,0,0,1,0,0,0,1,1,0.666666667,1,1,0.8,1,0,0,1
7935,1,0.333333333,0,1,1,1,0.555555556,0.333333333,0,0,0,0,0,0,0,0,1,0,0,0,1,1,0.666666667,1,1,0.8,1,0,0,1
7939,1,0.333333333,0,1,1,1,0.555555556,0.333333333,0,0,0,0,0,0,0,0,1,0,0,0,1,1,0.666666667,1,1,0.8,1,0,0,1
7970,1,0.333333333,0,1,1,1,0.555555556,0.333333333,0,0,0,0,0,0,0,0,1,0,0,0,1,1,0.666666667,1,1,0.8,1,0,0,1
8021,1,0.333333333,0,1,1,1,0.555555556,0.333333333,0,0,0,0,0,0,0,0,1,0,0,0,1,1,0.666666667,1,1,0.8,1,0,0,1
8032,1,0.333333333,0,1,1,1,0.555555556,0.333333333,0,0,0,0,0,0,0,0,1,0,0,0,1,1,0.666666667,1,1,0.8,1,0,0,1
8045,1,0.333333333,0,1,1,1,0.555555556,0.333333333,0,0,0,0,0,0,0,0,1,0,0,0,1,1,0.666666667,1,1,0.8,1,0,0,1
8070,1,0.333333333,0,1,1,1,0.555555556,0.333333333,0,0,0,0,0,0,0,0,1,0,0,0,1,1,0.666666667,1,1,0.8,1,0,0,1
8089,1,0.333333333,0,1,1,1,0.555555556,0.333333333,0,0,0,0,0,0,0,0,1,0,0,0,1,1,0.666666667,1,1,0.8,1,0,0,1
8115,1,0.333333333,0,1,1,1,0.555555556,0.333333333,0,0,0,0,0,0,0,0,1,0,0,0,1,1,0.666666667,1,1,0.8,1,0,0,1
8143,1,0.333333333,0,1,1,1,0.555555556,0.333333333,0,0,0,0,0,0,0,0,1,0,0,0,1,1,0.666666667,1,1,0.8,1,0,0,1
8146,1,0.333333333,0,1,1,1,0.555555556,0.333333333,0,0,0,0,0,0,0,0,1,0,0,0,1,1,0.666666667,1,1,0.8,1,0,0,1
8191,1,0.333333333,0,1,1,1,0.555555556,0.333333333,0,0,0,0,0,0,0,0,1,0,0,0,1,1,0.666666667,1,1,0.8,1,0,0,1
8197,1,0.333333333,0,1,1,1,0.555555556,0.333333333,0,0,0,0,0,0,0,0,1,0,0,0,1,1,0.666666667,1,1,0.8,1,0,0,1
8206,1,0.333333333,0,1,1,1,0.555555556,0.333333333,0,0,0,0,0,0,0,0,1,0,0,0,1,1,0.666666667,1,1,0.8,1,0,0,1
8212,1,0.333333333,0,1,1,1,0.555555556,0.333333333,0,0,0,0,0,0,0,0,1,0,0,0,1,1,0.666666667,1,1,0.8,1,0,0,1
8242,1,0.333333333,0,1,1,1,0.555555556,0.333333333,0,0,0,0,0,0,0,0,1,0,0,0,1,1,0.666666667,1,1,0.8,1,0,0,1
8245,1,0.333333333,0,1,1,1,0.555555556,0.333333333,0,0,0,0,0,0,0,0,1,0,0,0,1,1,0.666666667,1,1,0.8,1,0,0,1
8250,1,0.333333333,0,1,1,1,0.555555556,0.333333333,0,0,0,0,0,0,0,0,1,0,0,0,1,1,0.666666667,1,1,0.8,1,0,0,1
8258,1,0.333333333,0,1,1,1,0.555555556,0.333333333,0,0,0,0,0,0,0,0,1,0,0,0,1,1,0.666666667,1,1,0.8,1,0,0,1
8271,1,0.333333333,0,1,1,1,0.555555556,0.333333333,0,0,0,0,0,0,0,0,1,0,0,0,1,1,0.666666667,1,1,0.8,1,0,0,1
8273,1,0.333333333,0,1,1,1,0.555555556,0.333333333,0,0,0,0,0,0,0,0,1,0,0,0,1,1,0.666666667,1,1,0.8,1,0,0,1
8339,1,0.333333333,0,1,1,1,0.555555556,0.333333333,0,0,0,0,0,0,0,0,1,0,0,0,1,1,0.666666667,1,1,0.8,1,0,0,1
8350,1,0.333333333,0,1,1,1,0.555555556,0.333333333,0,0,0,0,0,0,0,0,1,0,0,0,1,1,0.666666667,1,1,0.8,1,0,0,1
8355,1,0.333333333,0,1,1,1,0.555555556,0.333333333,0,0,0,0,0,0,0,0,1,0,0,0,1,1,0.666666667,1,1,0.8,1,0,0,1
8376,1,0.333333333,0,1,1,1,0.555555556,0.333333333,0,0,0,0,0,0,0,0,1,0,0,0,1,1,0.666666667,1,1,0.8,1,0,0,1
8395,1,0.333333333,0,1,1,1,0.555555556,0.333333333,0,0,0,0,0,0,0,0,1,0,0,0,1,1,0.666666667,1,1,0.8,1,0,0,1
8412,1,0.333333333,0,1,1,1,0.555555556,0.333333333,0,0,0,0,0,0,0,0,1,0,0,0,1,1,0.666666667,1,1,0.8,1,0,0,1
8427,1,0.333333333,0,1,1,1,0.555555556,0.333333333,0,0,0,0,0,0,0,0,1,0,0,0,1,1,0.666666667,1,1,0.8,1,0,0,1
8437,1,0.333333333,0,1,1,1,0.555555556,0.333333333,0,0,0,0,0,0,0,0,1,0,0,0,1,1,0.666666667,1,1,0.8,1,0,0,1
8464,1,0.333333333,0,1,1,1,0.555555556,0.333333333,0,0,0,0,0,0,0,0,1,0,0,0,1,1,0.666666667,1,1,0.8,1,0,0,1
8496,1,0.333333333,0,1,1,1,0.666666667,0.666666667,0,0,0,0,0,0,0,0,0,0,0,0,1,1,0.666666667,1,1,0.933333333,0,0,1,1
8516,1,0.333333333,0,1,1,1,0.555555556,0.333333333,0,0,0,0,0,0,0,0,1,0,0,0,1,1,0.666666667,1,1,0.8,1,0,0,1
8517,1,0.333333333,0,1,1,1,0.666666667,0.666666667,0,0,0,0,0,0,0,0,0,0,0,0,1,1,0.666666667,1,1,0.933333333,0,0,1,1
8551,1,0.333333333,0,1,1,1,0.555555556,0.333333333,0,0,0,0,0,0,0,0,1,0,0,0,1,1,0.666666667,1,1,0.8,1,0,0,1
8564,1,0.333333333,0,1,1,1,0.555555556,0.333333333,0,0,0,0,0,0,0,0,1,0,0,0,1,1,0.666666667,1,1,0.8,1,0,0,1
8591,1,0.333333333,0,1,1,1,0.555555556,0.333333333,0,0,0,0,0,0,0,0,1,0,0,0,1,1,0.666666667,1,1,0.8,1,0,0,1
8621,1,0.333333333,0,1,1,1,0.555555556,0.333333333,0,0,0,0,0,0,0,0,1,0,0,0,1,1,0.666666667,1,1,0.8,1,0,0,1
8626,1,0.333333333,0,1,1,1,0.555555556,0.333333333,0,0,0,0,0,0,0,0,1,0,0,0,1,1,0.666666667,1,1,0.8,1,0,0,1
8629,1,0.333333333,0,1,1,1,0.555555556,0.333333333,0,0,0,0,0,0,0,0,1,0,0,0,1,1,0.666666667,1,1,0.8,1,0,0,1
8672,1,0.333333333,0,1,1,1,0.555555556,0.333333333,0,0,0,0,0,0,0,0,1,0,0,0,1,1,0.666666667,1,1,0.8,1,0,0,1
8684,1,0.333333333,0,1,1,1,0.555555556,0.333333333,0,0,0,0,0,0,0,0,1,0,0,0,1,1,0.666666667,1,1,0.8,1,0,0,1
8685,1,0.333333333,0,1,1,1,0.555555556,0.333333333,0,0,0,0,0,0,0,0,1,0,0,0,1,1,0.666666667,1,1,0.8,1,0,0,1
8690,1,0.333333333,0,1,1,1,0.555555556,0.333333333,0,0,0,0,0,0,0,0,1,0,0,0,1,1,0.666666667,1,1,0.8,1,0,0,1
8738,1,0.333333333,0,1,1,1,0.666666667,0.666666667,0,0,0,0,0,0,0,0,0,0,0,0,1,1,0.666666667,1,1,0.933333333,0,0,1,1
8755,1,0.333333333,0,1,1,1,0.666666667,0.666666667,0,0,0,0,0,0,0,0,0,0,0,0,1,1,0.666666667,1,1,0.933333333,0,0,1,1
8756,1,0.333333333,0,1,1,1,0.555555556,0.333333333,0,0,0,0,0,0,0,0,1,0,0,0,1,1,0.666666667,1,1,0.8,1,0,0,1
8760,1,0.333333333,0,1,1,1,0.555555556,0.333333333,0,0,0,0,0,0,0,0,1,0,0,0,1,1,0.666666667,1,1,0.8,1,0,0,1
8771,1,0.333333333,0,1,1,1,0.555555556,0.333333333,0,0,0,0,0,0,0,0,1,0,0,0,1,1,0.666666667,1,1,0.8,1,0,0,1
8773,1,0.333333333,0,1,1,1,0.555555556,0.333333333,0,0,0,0,0,0,0,0,1,0,0,0,1,1,0.666666667,1,1,0.8,1,0,0,1
8778,1,0.333333333,0,1,1,1,0.666666667,0.666666667,0,0,0,0,0,0,0,0,0,0,0,0,1,1,0.666666667,1,1,0.933333333,0,0,1,1
8823,1,0.333333333,0,1,0,0,0.666666667,0.666666667,0,0,1,0,0,0,0,0,0,0,0.333333333,0,1,1,0.666666667,1,1,0.933333333,0,0,1,1
8834,1,0.333333333,0,1,1,1,0.555555556,0.333333333,0,0,0,0,0,0,0,0,1,0,0,0,1,1,0.666666667,1,1,0.8,1,0,0,1
8842,1,0.333333333,0,1,1,1,0.555555556,0.333333333,0,0,0,0,0,0,0,0,1,0,0,0,1,1,0.666666667,1,1,0.8,1,0,0,1
8846,1,0.333333333,0,1,1,1,0.555555556,0.333333333,0,0,0,0,0,0,0,0,1,0,0,0,1,1,0.666666667,1,1,0.8,1,0,0,1
8875,1,0.333333333,0,1,1,1,0.555555556,0.333333333,0,0,0,0,0,0,0,0,1,0,0,0,1,1,0.666666667,1,1,0.8,1,0,0,1
8916,1,0.333333333,0,1,1,1,0.666666667,0.666666667,0,0,0,0,0,0,0,0,0,0,0,0,1,1,0.666666667,1,1,0.933333333,0,0,1,1
8921,1,0.333333333,0,1,1,1,0.555555556,0.333333333,0,0,0,0,0,0,0,0,1,0,0,0,1,1,0.666666667,1,1,0.8,1,0,0,1
8932,1,0.333333333,0,1,1,1,0.555555556,0.333333333,0,0,0,0,0,0,0,0,1,0,0,0,1,1,0.666666667,1,1,0.8,1,0,0,1
8934,1,0.333333333,0,1,1,1,0.555555556,0.333333333,0,0,0,0,0,0,0,0,1,0,0,0,1,1,0.666666667,1,1,0.8,1,0,0,1
8938,1,0.333333333,0,1,1,1,0.666666667,0.666666667,0,0,0,0,0,0,0,0,0,0,0,0,1,1,0.666666667,1,1,0.933333333,0,0,1,1
8973,1,0.333333333,0,1,1,1,0.555555556,0.333333333,0,0,0,0,0,0,0,0,1,0,0,0,1,1,0.666666667,1,1,0.8,1,0,0,1
8987,1,0.333333333,0,1,1,1,0.555555556,0.333333333,0,0,0,0,0,0,0,0,1,0,0,0,1,1,0.666666667,1,1,0.8,1,0,0,1
9001,1,0.333333333,0,1,1,1,0.555555556,0.333333333,0,0,0,0,0,0,0,0,1,0,0,0,1,1,0.666666667,1,1,0.8,1,0,0,1
9006,1,0.333333333,0,1,1,1,0.555555556,0.333333333,0,0,0,0,0,0,0,0,1,0,0,0,1,1,0.666666667,1,1,0.8,1,0,0,1
9018,1,0.333333333,0,1,1,1,0.666666667,0.666666667,0,0,0,0,0,0,0,0,0,0,0,0,1,1,0.666666667,1,1,0.933333333,0,0,1,1
9033,1,0.333333333,0,1,1,1,0.555555556,0.333333333,0,0,0,0,0,0,0,0,1,0,0,0,1,1,0.666666667,1,1,0.8,1,0,0,1
9065,1,0.333333333,0,1,1,1,0.555555556,0.333333333,0,0,0,0,0,0,0,0,1,0,0,0,1,1,0.666666667,1,1,0.8,1,0,0,1
9140,1,0.333333333,0,1,1,1,0.555555556,0.333333333,0,0,0,0,0,0,0,0,1,0,0,0,1,1,0.666666667,1,1,0.8,1,0,0,1
9141,1,0.333333333,0,1,1,1,0.555555556,0.333333333,0,0,0,0,0,0,0,0,1,0,0,0,1,1,0.666666667,1,1,0.8,1,0,0,1
9174,1,0.333333333,0,1,1,1,0.555555556,0.333333333,0,0,0,0,0,0,0,0,1,0,0,0,1,1,0.666666667,1,1,0.8,1,0,0,1
9213,1,0.333333333,0,1,1,1,0.555555556,0.333333333,0,0,0,0,0,0,0,0,1,0,0,0,1,1,0.666666667,1,1,0.8,1,0,0,1
9225,1,0.333333333,0,1,1,1,0.555555556,0.333333333,0,0,0,0,0,0,0,0,1,0,0,0,1,1,0.666666667,1,1,0.8,1,0,0,1
9228,1,0.333333333,0,1,1,1,0.555555556,0.333333333,0,0,0,0,0,0,0,0,1,0,0,0,1,1,0.666666667,1,1,0.8,1,0,0,1
9237,1,0.333333333,0,1,1,1,0.666666667,0.666666667,0,0,0,0,0,0,0,0,0,0,0,0,1,1,0.666666667,1,1,0.933333333,0,0,1,1
9240,1,0.333333333,0,1,1,1,0.555555556,0.333333333,0,0,0,0,0,0,0,0,1,0,0,0,1,1,0.666666667,1,1,0.8,1,0,0,1
9256,1,0.333333333,0,1,1,1,0.555555556,0.333333333,0,0,0,0,0,0,0,0,1,0,0,0,1,1,0.666666667,1,1,0.8,1,0,0,1
9259,1,0.333333333,0,1,1,1,0.555555556,0.333333333,0,0,0,0,0,0,0,0,1,0,0,0,1,1,0.666666667,1,1,0.8,1,0,0,1
9263,1,0.333333333,0,1,1,1,0.555555556,0.333333333,0,0,0,0,0,0,0,0,1,0,0,0,1,1,0.666666667,1,1,0.8,1,0,0,1
9298,1,0.333333333,0,1,1,1,0.555555556,0.333333333,0,0,0,0,0,0,0,0,1,0,0,0,1,1,0.666666667,1,1,0.8,1,0,0,1
9324,1,0.333333333,0,1,1,1,0.555555556,0.333333333,0,0,0,0,0,0,0,0,1,0,0,0,1,1,0.666666667,1,1,0.8,1,0,0,1
9350,1,0.333333333,0,1,1,1,0.555555556,0.333333333,0,0,0,0,0,0,0,0,1,0,0,0,1,1,0.666666667,1,1,0.8,1,0,0,1
9391,1,0.333333333,0,1,1,1,0.555555556,0.333333333,0,0,0,0,0,0,0,0,1,0,0,0,1,1,0.666666667,1,1,0.8,1,0,0,1
9400,1,0.333333333,0,1,1,1,0.555555556,0.333333333,0,0,0,0,0,0,0,0,1,0,0,0,1,1,0.666666667,1,1,0.8,1,0,0,1
9439,1,0.333333333,0,1,1,1,0.555555556,0.333333333,0,0,0,0,0,0,0,0,1,0,0,0,1,1,0.666666667,1,1,0.8,1,0,0,1
9454,1,0.333333333,0,1,1,1,0.555555556,0.333333333,0,0,0,0,0,0,0,0,1,0,0,0,1,1,0.666666667,1,1,0.8,1,0,0,1
9476,1,0.333333333,0,1,1,1,0.555555556,0.333333333,0,0,0,0,0,0,0,0,1,0,0,0,1,1,0.666666667,1,1,0.8,1,0,0,1
9478,1,0.333333333,0,1,1,1,0.555555556,0.333333333,0,0,0,0,0,0,0,0,1,0,0,0,1,1,0.666666667,1,1,0.8,1,0,0,1
9497,1,0.333333333,0,1,1,1,0.666666667,0.666666667,0,0,0,0,0,0,0,0,0,0,0,0,1,1,0.666666667,1,1,0.933333333,0,0,1,1
9545,1,0.333333333,0,1,1,1,0.666666667,0.666666667,0,0,0,0,0,0,0,0,0,0,0,0,1,1,0.666666667,1,1,0.933333333,0,0,1,1
9567,1,0.333333333,0,1,1,1,0.555555556,0.333333333,0,0,0,0,0,0,0,0,1,0,0,0,1,1,0.666666667,1,1,0.8,1,0,0,1
9569,1,0.333333333,0,1,1,1,0.555555556,0.333333333,0,0,0,0,0,0,0,0,1,0,0,0,1,1,0.666666667,1,1,0.8,1,0,0,1
9590,1,0.333333333,0,1,1,1,0.555555556,0.333333333,0,0,0,0,0,0,0,0,1,0,0,0,1,1,0.666666667,1,1,0.8,1,0,0,1
9597,1,0.333333333,0,1,1,1,0.555555556,0.333333333,0,0,0,0,0,0,0,0,1,0,0,0,1,1,0.666666667,1,1,0.8,1,0,0,1
9623,1,0.333333333,0,1,1,1,0.666666667,0.666666667,0,0,0,0,0,0,0,0,0,0,0,0,1,1,0.666666667,1,1,0.933333333,0,0,1,1
9640,1,0.333333333,0,1,1,1,0.666666667,0.666666667,0,0,0,0,0,0,0,0,0,0,0,0,1,1,0.666666667,1,1,0.933333333,0,0,1,1
